Название компании,Вакансия,Требования по вакансии,"Город, уловия",Зарплата,Дата публикации,Ссылка на вакансию,Описание вакансии
Сбер,Data scientist,"Ученый по данным, Средний (Middle) • Git • SQL • Python • Машинное обучение • Jenkins • Базы данных",Москва • Полный рабочий день,от 200 000 ₽,24 сентября,https://career.habr.com/vacancies/1000114829,"Условия работы Команда трайба ""Особенные решения"" ПАО ""Сбербанк"" ищет профессионала на позицию Data-scientist. Наша трайб занимается сегментами клиентов, для лучшего клиентского опыта и финансового результата мы взаимодействуем с каждым сегментом по-особенному. Предстоит заниматься разработкой и внедрением ML моделей на огромной клиентской базе B2C. Построение ML моделей (включая      SOTA) на основе различных данных: NLP, GEO, графовые данные, петабайты последовательностей      событий (кликстрим, транзакции и т.д.) Совместно с командой MLE вывод      моделей в ПРОМ контур, поддержание модели в актуальном состоянии Участие в исследовании новых      данных, формировании сильных переменных, а также участвовать в развитии      Feature Store команды. Формирование эмбеддингов на основе различных данных      для улучшения текущих моделей Выдвигать data-driven      гипотезы/предложения для запуска новых механик, а также поиск инсайтов в      данных Требования: Не менее 1 года работы в качестве Data Scientist Отличное понимание Machine Learning Продвинутые знания SQL, опыт работы с Pyspark, Greenplum. Отличное знание Python Понимание и опыт АB-тестирования Высшее техническое образование Будет плюсом: Знание Scala. Опыт работы с DevOps (Jenkins), Git (BitBucket) Опыт работы по методологии Agile Условия: Возможность заниматься RnD, крупнейшее DS community Корпоративное обучение за счет компании (внутреннее и внешнее) Мощное железо, дополнительные мониторы, ноутбук Комфортный офис со спортзалом, в наличии кофе/чай и печенье Конкурентные условия труда (белая заработная плата, премии) Расширенный ДМС с первого дня работы для себя и близких Льготная ипотека (-4 пункта от рынка) и банковские продукты на специальных условиях Дополнительно Предстоит работать в большой команде D-People (60 человек, среди них выпускники МФТИ/МГУ/ВШЭ, а также мастера Kaggle) с четким разделением ролей В распоряжении команды 2 мощных Hadoop кластера, а также есть общие сервера с GPU (Tesla A100/V100), DGX-2 Бонусы Дополнительные инструкции"
VK,Android-разработчик (Почта),"Разработчик мобильных приложений, Старший (Senior) • Разработка под Android • Kotlin • Разработка мобильных приложений • Клиент-серверные приложения • Coroutines",Полный рабочий день • Можно удаленно,,24 сентября,https://career.habr.com/vacancies/1000118779,"О компании и команде Почта [Mail.ru] — крупнейший в русскоязычном сегменте сервис электронной почты. Ежемесячная аудитория проекта — 47 млн пользователей, входит в топ-5 мировых почтовых сервисов по дневной аудитории. Наша задача — соответствовать современным паттернам использования почты. Разработчику придется работать над умной организацией рассылок, решать проблемы нежелательной почты, помогать пользователю отслеживать заказы из онлайн-магазинов и поддерживать платежные системы для оплаты счетов прямо из приложения. Наша следующая цель — объединить продукты компании в рамках экосистемы. Обновленное суперприложение Почты позволит решать повседневные задачи, быть в курсе новостей, управлять своими данными и файлами, планировать встречи и вести список дел. Ожидания от кандидата От 3 лет программирования на Android (Java/Kotlin); Знание принципов ООП, SOLID, Clean Architecture; Понимание принципов многопоточного программирования; Опыт работы в команде. Условия работы Разработка новой функциональности приложения; Поддержка существующего кода; Верстка и создание новых UI компонентов; Рефакторинг; Написание unit и ui тестов. Наш стек: Kotlin, Java; MVVM LiveData, ViewModel Java Threads, Kotlin Coroutines, Flow; SQLite, ORMLite, Room JUnit, Espresso. Бонусы разнообразие проектов: соцсети, почтовые сервисы, киберспорт, игры, электронная коммерция, мессенджеры, образование, B2B ─ которые помогают миллионам пользователей работать, решать бытовые задачи, учиться и развлекаться; сложные и интересные задачи: высоконагруженные сервисы, которые задают уровень для конкурентов качеством и технологиями; быстрый рост в трендовых направлениях; амбициозные цели перед каждым проектом; экспертиза: сотрудники VK обладают передовым опытом, преподают в образовательных проектах, выступают на российских и международных конференциях; команда: вместе работаем, занимаемся спортом, участвуем в соревнованиях и отдыхаем; профессиональное развитие: организуем митапы, конференции, встречи разработчиков и тестировщиков, семинары и тренинги, куда открыт доступ каждому сотруднику; здоровье и спорт: программа ДМС доступна с первого месяца работы; поддерживаем 8 корпоративных видов спорта (футбол, баскетбол, волейбол, бег, плавание, хоккей, триатлон, настольный теннис); оборудование: мощное железо, дополнительные мониторы, специализированные гаджеты ─ все для решения масштабных задач и экспериментов; офис в 5 минутах от метро, крытый паркинг для всех сотрудников, велопарковка, а летом ─ прокат велосипедов, лонгбордов и самокатов; для поддержания иммунитета круглый год во фреш-баре овощи и фрукты; собственный тренажерный и спортивный зал в офисе; возможность работать удаленно или по гибридному графику: часть рабочего времени — в офисе, часть — дома. Мы будем рады вашему отклику и, при обоюдном интересе, предложим условия и проекты, от которых не захочется отказываться."
YADRO,Senior Software Engineer C (Linux kernel space),"Бэкенд разработчик, Старший (Senior) • Linux kernel • Linux • C • Системное программирование • Разработка программного обеспечения • RDMA • Алгоритмы и структуры данных • Git • Python • C++",Москва • Санкт-Петербург • Нижний Новгород • Полный рабочий день,,24 сентября,https://career.habr.com/vacancies/1000126046,"О компании и команде YADRO — группа российских технологических компаний, объединяющая направления разработки и производства вычислительных платформ, систем обработки и хранения данных, телекоммуникационного и сетевого оборудования. R&D центры YADRO находятся в Москве, Санкт-Петербурге и Нижнем Новгороде, производственная площадка расположена в Московской области и строится завод полного цикла. На текущий момент нас уже более 2 500 человек, и мы продолжаем активно расти и расширять команду. Сейчас мы ищем Senior Software engineer C (Linux kernel space) в департамент, занимающийся разработкой, тестированием и документированием полноценной СХД со своим SDS (Software-Defined Storage) на борту. От разработки до тестирования применяются Agile практики c элементами Waterfall. Ключевые экспертизы и вызовы: Системы хранения данных: создание и настройка кластерных систем под задачи хранения данных на различных носителях (HDD, SSD, NVMe SSD) и распространения по SAN, NAS и NVMe-oF протоколам. Распределенное кластерное приложение: создание и развитие 2х головой кластерной системы для целей отказоустойчивости системы. Разработка модулей ядра Linux: исследование и разработка ядерных модулей на уровне ядра Linux с применением принципов многопоточности. Работа с драйверами устройств различных производителей (SAS, QLogic etc.), поддержка существующих протоколов (iSER, SRP, iSCSI, NVMe-of, FC, etc.). ​​​​​ Чем Вам предстоит заниматься: Разработкой драйверов, входящих в состав ядра системы хранения данных. Мы пишем собственные модули программного RAID под дистрибутив Oracle 8.4. В основном работаем с блочной подсистемой, а также с набором стандартов SCSI, протоколами iSCSI, Fibre Channel и SAS: Изучать новые технологии, появляющихся в области систем хранения данных; Взаимодействовать с группой поддержки и сопровождения, а также оказывать третий уровень поддержки и вести переписку с разработчиками Open-Source решений, в случае возникновения баг у них. Ожидания от кандидата Опыт разработки на С не менее 3-х лет; Опыт разработки на платформе Linux (kernel space); Опыт работы с git; Опыт разработки на Python; Опыт администрирования Linux; Опыт работы с RDMA; Опыт работы с сетевыми протоколами. Условия работы Гибридный формат работы: рабочее место в комфортном лофт-офисе + удалённая работа из дома на корпоративном ноутбуке; Конкурентный уровень заработной платы (готовы по достоинству оценить ваши знания и опыт) + премирование по результатам работы."
МТС,Менеджер по работе с клиентами Cloud MTC,Менеджер по работе с клиентами • Saas • Управление проектами • Развитие бизнеса • Ведение переговоров • Информационные технологии • Английский язык,Санкт-Петербург • Нижний Новгород • Полный рабочий день,от 120 000 до 200 000 ₽,24 сентября,https://career.habr.com/vacancies/1000128294,"О компании и команде МТС – это мультисервисная цифровая экосистема. Мы создаем и развиваем сервисы в сфере мобильной связи, больших данных, искусственного интеллекта, облачного хранения, медиа и финансов – все они делают жизнь людей проще и интереснее. Сегодня мы ищем специалиста, который будет заниматься развитием существующих клиентов Cloud МТС. Чем предстоит заниматься: работать с имеющейся базой клиентов Cloud; сохранять клиентов и предотвращать их отток; общаться с ЛПР и ЛВПР; работать с техникокоммерческим предложением с привлечением профильных подразделений; осуществлять сложные расчеты по клиентам с PAYG; анализировать, мониторить рынок и новые инициативы в области облачных сервисов. Ожидания от кандидата экспертные знания в области облачных сервисов (IaaS, PaaS, SaaS), IaaS по ФЗ-152, а также смежных услуг; высшее образование; разговорный английский язык (А2); опыт переговоров с ЛПР и ЛВПР; опыт успешных продаж B2B; ведение комплексных проектов, участие в их продаже и реализации. Условия работы оклад + квартальная премия; график 5/2 с 9:00 до 18:00, в пятницу рабочий день сокращён полный соц. пакет оформление с 1-го дня по ТК Бонусы корпоративная сотовую связь; программа ДМС с первого месяца работы - это 100% покрытие расходов в частных клиниках, включая стоматологию. Застраховать близких родственников можно со скидкой 50%. Для любителей путешествий - страховка в поездках за границу. А еще есть страхование жизни; отпуск 31 календарных дней - это 28 календарных +3 дня за ненормированный рабочий день; компенсацию расходов на спорт или питание на выбор; единую подписку МТС Premium — KION light в онлайн-кинотеатре KION, сервис МТС Music, 30 дней бесплатного пользования подпиской OZON Premium; скидки и предложения от партнеров; полезные курсы и вебинары в корпоративном университете; развитие в командах профессионалов, которые готовы делиться опытом; волонтерское движение, поддержку хобби и интересов сотрудников."
Банк ПСБ,Администратор Hadoop,"Администратор баз данных, Средний (Middle) • Apache Hadoop • Linux • Java • Высоконагруженные системы",Москва • Самара • Ярославль • Полный рабочий день,,24 сентября,https://career.habr.com/vacancies/1000128293,"О компании и команде Ключевые задачи: Обеспечение бесперебойной работы и развития производственных систем; Установка, настройка, обновление производственных систем; Организация работ по исправлению выявленных недостатков; Создание технической документации для внедряемых систем; Разработка и внедрение средств мониторинга производственных систем; Поддержание кластеризованных компонентов приложения в состоянии высокой доступности; Настройка и организация CI процессов, написание pipeline; Ожидания от кандидата Опыт администрирования Unix/Linux - более трех лет; Понимание работы стека TCP/IP; Понимание процессов аутентификации и авторизации; Опыт интеграции систем с Kerberos , Ldap; Опыт работы не менее с одной вендорной сборкой Hadoop, преимущественно Arenadata; Опыт администрирования Hadoop (HDFS , Yarn, Ranger , Spark, Solr, Zookeeper); Опыт работы с системами мониторинга (Prometheus, Zabbix); Понимание современных DevOps-концепций (Jenkins, traefik, consul, etc.); Понимание технологий интеграции между системами (форматы сообщений xml, json, менеджер очередей Kafka); Понимание принципов построение отказоустойчивых сервисов в высоконагруженных системах; Умение развертывать процессы CI/CD, опыт работы с Gitlab-CI; Знания в области распределения нагрузки и масштабирования; Опыт автоматизации на скриптовых языках (shell/perl/python/etc); Условия работы График работы: возможность гибридного графика работы Официальное оформление в соответствии с ТК РФ Конкурентный уровень дохода: оклад + премии Медицинская страховка, страховка для выезжающих за границу Доплата к отпускному и больничному листу Дополнительные льготы при заключении брака и рождении детей Социальная поддержка при сложных жизненных ситуациях Льготное кредитование для сотрудников Обучение в корпоративном университете банка Корпоративная библиотека"
YADRO,Python developer / Разработчик Python (KORNFELD),"Бэкенд разработчик, Старший (Senior) • Linux • Разработка программного обеспечения • Сетевые технологии • Osi model • Switching • OSPF • BGP • Python • Git • Bash",Москва • Полный рабочий день • Можно удаленно,,24 сентября,https://career.habr.com/vacancies/1000127962,"О компании и команде YADRO — группа российских технологических компаний, объединяющая направления разработки и производства вычислительных платформ, систем обработки и хранения данных, телекоммуникационного и сетевого оборудования. Мы активно расширяем портфель наших продуктов  и в связи с этим открываем поиск Software engineer ( Python)/ Python developer в Департамент сетевых технологий. Команда Департамента занимается разработкой сетевого ethrernet-коммутатора для дата-центров ( Data Center Enterprise Switches). Проект включает в себя полный цикл разработки аппаратной и программной части. Реализация аппаратной части осуществляется с применением современной микроэлектронной элементной базы отечественного и импортного производства. Реализация программной части осуществляется с использованием стека open-source программных продуктов. Чем предстоит заниматься: Разработкой встроенного программного обеспечения сетевых ethernet-коммутаторов; Разработкой встроенного программного обеспечения сетевых ethernet-коммутаторов; Разработкой встроенного программного обеспечения сетевых ethernet-коммутаторов; Проводить анализ программных решений с открытым кодом из предметной области; Дорабатывать, осуществлять рефакторинг используемых программных решений с открытым кодом (в настоящее время код на Python составляет до 30% от общего объема); В составе команды разрабатывать с нуля внутреннюю систему мониторинга оборудования и программного обеспечения сетевых коммутаторов; Разрабатывать элементы системы управления как периферийным оборудованием коммутаторов так и коммутаторами в целом. Ожидания от кандидата Мы ожидаем от будущего члена команды: Уверенное владение Python3 в области сетевого программирования (sockets); Знание сетевых технологий, стека протоколов TCP/IP + представление о модели OSI; Знание сетевых протоколов управления (SNMP, NETCONF, RESTCONF), маршрутизации (RIP, OSPF, BGP) и др. Отличное знание Linux, опыт разработки приложений под Linux/Unix; Знание bash. Будет плюсом: опыт работы с RPC-протоколами (JSON-RPC, gRPC), REST; опыт работы с форматами данных JSON, XML, YAML; опыт написания unit-тестов с использованием pytest; опыт асинхронного программирования (asyncio); опыт написания документации с использованием фреймворка Sphinx; опыт написания парсеров для структурированных файлов. опыт работы с Docker контейнерами. Условия работы Приглашаем стать частью амбициозной продуктовой компании, вносящей вклад в мировое инженерное сообщество, а также ежегодно увеличивающей долю рынка и финансовые показатели. ЗАБОТА О ЗДОРОВЬЕ: ДМС с первых дней работы, льготные условия страхования близких; ОБУЧЕНИЕ И РАЗВИТИЕ: учебный портал с курсами и лекциями от экспертов, английский, участие в топовых конференциях, профильное обучение за счёт компании;. ПОДДЕРЖКА В ЛИЧНЫХ ВОПРОСАХ: консультации юристов, психологов, экспертов по ЗОЖ и управлению финансами. Бонусы ПРОГРАММА ПОДДЕРЖКИ ИННОВАЦИЙ: премии за научные достижения, публикацию статей, выступления на конференциях и регистрацию патентов; Конкурентный уровень заработной платы (готовы по достоинству оценить ваши знания и опыт) + премирование по результатам работы."
Hoff Tech,Системный администратор,"Системный администратор, Средний (Middle) • Osi model • DNS • DHCP • Active directory • Администрирование Windows • Системное администрирование • Администрирование серверов • Администрирование почтовых серверов • Администрирование сетей • Asterisk",Екатеринбург • Полный рабочий день,,24 сентября,https://career.habr.com/vacancies/1000121784,"Условия работы Hoff Tech - аккредитованная ИТ-компания, которая занимается разработкой продуктов для One Retail. Основной заказчик – сеть мебельных гипермаркетов Hoff, насчитывающая более 60 магазинов по всей территории России.. Сейчас мы в поисках коллег в большую распределенную команду системного администрирования. Наша команда отвечает за сеть и сетевое оборудование, сервера – как bare-metal, так и кластера VMware, поддержку операционных систем – Windows, Linux, MacOS, настройку основных элементов инфраструктуры – Active Directory, Exchange, SCCM, файловый и терминальные сервера, обслуживающих ее элементов – Zabbix, ELK, Prometeus/Grafana, Veeam backup, Kubernetes, Gitlab, а также автоматизацию с помощью Powershell, Ansible, Puppet. Почему стоит выбрать нас? Масштабная территориально распределенная инфраструктура; Работа с современными технологиями, железом и программным обеспечением; Возможность обучения в рамках рабочего времени; Большая команда экспертов, всегда готовых помочь; При успешной работе – перспективы профессионального развития – реализация масштабных проектов в рамках серверной инфраструктуры (развитие и экспертная оценка сети, сервера, IP-телефонии, системы бесшовного wifi); Проработанная система грейдов – системный администратор – старший администратор – ведущий – руководитель группы – руководитель отдела; Развитая корпоративная жизнь – ежегодные командные слеты и совместные путешествия. Чем предстоит заниматься: Обслуживание внешнего склада Hoff - профилактика, тех обслуживание, решение локальных задач; Поддержка других объектов в формате единого helpdesk - удаленная помощь пользователям, решение проблем, связанных с работой оборудования и программного обеспечения, проверка показателей системы мониторинга; Участие в проектах улучшения ИТ-инфраструктуры и работа в командах по развитию внутренних сервисов. Необходимые навыки: Опыт работы в области IT не менее 1 года; Основы сети – модель OSI (TCP/IP), VLAN, NAT, статическая маршрутизация, протоколы TCP/UDP, DHCP, основы работы DNS; Клиентская и серверная OС Microsoft на уровне администратора и инструменты диагностики; Active Directory – авторизация и аутентификация пользователя, взаимодействие клиента и контроллера домена, обработка групповых политик; Опыт работы с оргтехникой и знание механики лазерной печати. Будет плюсом: Опыт работы с торговым оборудованием и термопринтерами; Администрирования Unix систем; Написания скриптов на Powershell или Python. Мы предлагаем: Полностью «белую» заработную плату (оклад + квартальный бонус); График 5/2: 9:00-18:00 или 10:00-19:00 плавающие выходные; Очный формат работы; Оборудование для работы; Расширенный социальный пакет: ДМС, включающая стоматологию, полис для выезжающих за рубеж; льготные условия оформления страховки для членов семьи; Корпоративные скидки для сотрудников от компаний-партнеров (фитнес, иностранные языки, путешествия, скидки на товары сети Hoff и т.д.). Дополнительные инструкции Привет, будущий коллега! Мы рады, что ты обратил внимание на нашу вакансию :) Попасть в нашу команду очень просто: - оставь отклик на вакансию; - пообщайся с нашим IT рекрутером и расскажи о себе; - пройди техническое интервью; - познакомься с нашим техническим директором; - прими наш оффер ;) Присоединяйся к нашей дружной команде, с нами интересно!"
Яндекс,Системный инженер Apple,"Системный администратор, Старший (Senior) • Centos • Администрирование *nix • Mac",Москва • Санкт-Петербург • Алматы • Можно удаленно,,24 сентября,https://career.habr.com/vacancies/1000127960,"О компании и команде Наша команда обслуживает больше 10 тысяч клиентских устройств на macOS, свыше 5 тысяч устройств на iOS и около 2 тысяч серверов. В роли системного инженера Apple вам предстоит проектировать, администрировать и развивать средства управления парком, строить интеграции между Apple-инфраструктурой и внутренними сервисами Яндекса, поддерживать обширный серверный парк и автоматизировать его обслуживание. Мы предлагаем доступ к самому современному оборудованию, обучение, наставничество и поддержку в профессиональном развитии. Ожидания от кандидата Мы ждем, что вы: отлично знаете macOS и iOS, понимаете специфику их работы в корпоративной среде (Active Directory, сетевая печать, PKI, 802.1x); понимаете принципы построения и функционирования сетей, модели OSI, основных протоколов стека TCP/IP (знание IPv6 будет большим плюсом); работали в IT-сфере системным администратором не меньше трёх лет; имели дело со скриптовыми языками программирования (Bash, Python); знакомы с MDM/EMM-системами (Jamf Pro, AirWatch / Workspace ONE, Kandji), понимаете принципы работы MDM-протокола Apple; собирали пакеты под macOS (Luggage, Packages, Jamf Composer, AutoPkg и т. п.) и знаете инструменты их деплоймента (Maс Deploy Stick, Munki, Apple Configurator); понимаете принципы шифрования в macOS (FileVault 2) и его корпоративную специфику (recovery key escrow, secure/bootstrap tokens); понимаете принципы работы подсистем безопасности в macOS (SIP, Gatekeeper, XProtect и т. п.). Что нужно делать: поддерживать и развивать IT-системы управления парка устройств Apple; обеспечивать работоспособность серверного парка macOS; внедрять новые сервисы и продукты; работать в роли escalation engineer (tier 3 и выше). Будет плюсом, если вы: занимались системным администрированием Linux; понимаете принципы работы облачных платформенных решений (Yandex Cloud, AWS, Azure); работали с Docker; знаете популярные Python-фреймворки: Django, Flask; понимаете, как устроены большие системы, которые работают 365/24/7, и как их поддерживать; проектировали распределённую высокодоступную IT-инфраструктуру; администрировали базы данных (MySQL, PostgreSQL); работали с системами управления конфигурациями (Salt, Ansible, Puppet); знакомы с разработкой под macOS и iOS (Swift, Objective-C). Условия работы Условия: сильная команда, с которой можно расти; сложные задачи для сервисов с миллионами пользователей; возможность влиять на процесс и результат; зарплата на уровне рынка и выше; премии каждые полгода для всех, кто эффективно работает; расширенная программа ДМС, оплата 80% стоимости ДМС для супругов и детей; гибкий график."
YADRO,Python developer / Разработчик Python (KORNFELD),"Бэкенд разработчик, Старший (Senior) • Linux • Разработка программного обеспечения • Сетевые технологии • Osi model • Switching • OSPF • BGP • Python • Git • Bash",Санкт-Петербург • Минск • Нижний Новгород • Полный рабочий день • Можно удаленно,,24 сентября,https://career.habr.com/vacancies/1000127961,"О компании и команде YADRO — группа российских технологических компаний, объединяющая направления разработки и производства вычислительных платформ, систем обработки и хранения данных, телекоммуникационного и сетевого оборудования. Мы активно расширяем портфель наших продуктов  и в связи с этим открываем поиск Software engineer ( Python)/ Python developer в Департамент сетевых технологий. Команда Департамента занимается разработкой сетевого ethrernet-коммутатора для дата-центров ( Data Center Enterprise Switches). Проект включает в себя полный цикл разработки аппаратной и программной части. Реализация аппаратной части осуществляется с применением современной микроэлектронной элементной базы отечественного и импортного производства. Реализация программной части осуществляется с использованием стека open-source программных продуктов. Чем предстоит заниматься: Разработкой встроенного программного обеспечения сетевых ethernet-коммутаторов; Разработкой встроенного программного обеспечения сетевых ethernet-коммутаторов; Разработкой встроенного программного обеспечения сетевых ethernet-коммутаторов; Проводить анализ программных решений с открытым кодом из предметной области; Дорабатывать, осуществлять рефакторинг используемых программных решений с открытым кодом (в настоящее время код на Python составляет до 30% от общего объема); В составе команды разрабатывать с нуля внутреннюю систему мониторинга оборудования и программного обеспечения сетевых коммутаторов; Разрабатывать элементы системы управления как периферийным оборудованием коммутаторов так и коммутаторами в целом. Ожидания от кандидата Мы ожидаем от будущего члена команды: Уверенное владение Python3 в области сетевого программирования (sockets); Знание сетевых технологий, стека протоколов TCP/IP + представление о модели OSI; Знание сетевых протоколов управления (SNMP, NETCONF, RESTCONF), маршрутизации (RIP, OSPF, BGP) и др. Отличное знание Linux, опыт разработки приложений под Linux/Unix; Знание bash. Будет плюсом: опыт работы с RPC-протоколами (JSON-RPC, gRPC), REST; опыт работы с форматами данных JSON, XML, YAML; опыт написания unit-тестов с использованием pytest; опыт асинхронного программирования (asyncio); опыт написания документации с использованием фреймворка Sphinx; опыт написания парсеров для структурированных файлов. опыт работы с Docker контейнерами. Условия работы Приглашаем стать частью амбициозной продуктовой компании, вносящей вклад в мировое инженерное сообщество, а также ежегодно увеличивающей долю рынка и финансовые показатели. ЗАБОТА О ЗДОРОВЬЕ: ДМС с первых дней работы, льготные условия страхования близких; ОБУЧЕНИЕ И РАЗВИТИЕ: учебный портал с курсами и лекциями от экспертов, английский, участие в топовых конференциях, профильное обучение за счёт компании;. ПОДДЕРЖКА В ЛИЧНЫХ ВОПРОСАХ: консультации юристов, психологов, экспертов по ЗОЖ и управлению финансами. Бонусы ПРОГРАММА ПОДДЕРЖКИ ИННОВАЦИЙ: премии за научные достижения, публикацию статей, выступления на конференциях и регистрацию патентов; Конкурентный уровень заработной платы (готовы по достоинству оценить ваши знания и опыт) + премирование по результатам работы."
Яндекс,"Системный инженер Microsoft (Hyper-V, S2D, SCVMM)","Администратор серверов, Старший (Senior) • Hyper-V • Администрирование Windows",Москва • Санкт-Петербург • Нижний Новгород • Полный рабочий день,,24 сентября,https://career.habr.com/vacancies/1000127958,"О компании и команде Внутренняя инфраструктура Microsoft Яндекса — сложная геораспределённая система со множеством интеграций с внутренними сервисами. Мы ищем опытного инженера платформы виртуализации Microsoft, который поможет нам в задачах централизованного управления серверной инфраструктурой. Успешный кандидат будет отвечать за проектирование, имплементацию и обслуживание сложных инфраструктурных решений. От вас ожидается любовь к автоматизации работы, интерес к решению сложных задач по интеграциям, умение проектировать высокодоступные архитектуры для сервисов и желание изучать и внедрять современные технологии, строить междатацентровые гиперконвергентные кластеры на самом современном оборудовании. Ожидания от кандидата Мы ждем, что вы: знаете платформу виртуализации Hyper-V, S2D и инструменты управления ею на уровне эксперта; глубоко разбираетесь в базовой инфраструктуре (AD DS, PKI, Network Services); понимаете принципы и подходы к безопасности операционных систем и продуктов Microsoft (AuthN, AuthZ, RBAC); уверенно владеете PowerShell; понимаете особенности проектирования распределённых отказоустойчивых систем; способны работать как самостоятельно, так и в кросс-командах; можете обосновать предлагаемое решение и объяснить детали реализации. Что нужно делать: проектировать и имплементировать инфраструктурные решения; заниматься мониторингом, регламентным обслуживанием и резервным копированием; взаимодействовать со смежными командами для обеспечения интеграции с другими системами и процессами; работать в роли escalation engineer (tier 3 и выше). Будет плюсом, если вы: работаете с системами СРК (Veeam, SC DPM, CommVault); работаете с системами мониторинга и сбора метрик (SCOM, Zabbix, Telegraf + InfluxDB + Grafana); обладаете сертификатом Microsoft по соответствующим технологиям, MCSE или эквивалентным. Условия работы сильная команда, с которой можно расти; возможность влиять на процесс и результат; зарплата на уровне рынка и выше; премии каждые полгода для всех, кто успешно прошёл ревью; расширенная программа ДМС, оплата 80% стоимости ДМС для супругов и детей; гибкий график работы."
Яндекс,Разработчик бэкенда в IT-инфраструктуру офисов (Умный офис),"Бэкенд разработчик, Старший (Senior) • Python • Django",Москва • Полный рабочий день,,24 сентября,https://career.habr.com/vacancies/1000127956,"О компании и команде Яндекс строит свой новый дом . Чтобы офис стал уютным и умным, нам нужно изобрести, разработать и масштабировать целый комплекс новых технологических решений: системы локеров, навигации, интеллектуальных ассистентов, офисных роботов и многие другие. Мы формируем команду бэкенд-разработчиков, которые помогут нам создавать и запускать продукты для офиса мечты, совершенствовать, переосмыслять и масштабировать существующие решения. Если вы любите автоматизировать работу и решать сложные задачи, хотите изучать и внедрять самые последние технологии, ждём вас в команде. Ожидания от кандидата Мы ждем, что вы: писали на Python с использованием фреймворка Django или готовы переключиться на него; знакомы с реляционными и нереляционными базами данных; понимаете, как работают современные веб-сервисы; умеете писать эффективный и понятный код; уверенно владеете командной строкой Linux; самостоятельны и готовы работать в команде. Яндекс строит свой новый дом . Чтобы офис стал уютным и умным, нам нужно изобрести, разработать и масштабировать целый комплекс новых технологических решений: системы локеров, навигации, интеллектуальных ассистентов, офисных роботов и многие другие. Мы формируем команду бэкенд-разработчиков, которые помогут нам создавать и запускать продукты для офиса мечты, совершенствовать, переосмыслять и масштабировать существующие решения. Если вы любите автоматизировать работу и решать сложные задачи, хотите изучать и внедрять самые последние технологии, ждём вас в команде. Что нужно делать: участвовать в полном цикле разработки внутренних продуктов: продумывать архитектуру, создавать MVP, имплементировать, тестировать, оптимизировать решения; решать задачи любого уровня — от создания схем тестирования до построения больших отказоустойчивых систем; непрерывно совершенствовать технические характеристики сервисов: масштабировать, улучшать производительность, повышать надёжность; взаимодействовать со смежными командами, владельцами и менеджерами продуктов. Будет плюсом, если вы: работали с сетевым стеком Linux и технологиями контейнеризации в Linux (Docker, containerd, LXC и пр.); работали с PostgreSQL, Redis и знаете другие базы данных; разворачивали приложения в облачных сервисах Yandex Cloud, Azure, AWS; участвовали в разработке решений с использованием IoT; всей душой любите концепции умного дома. Условия работы сильная команда, с которой можно расти; возможность влиять на процесс и результат; зарплата на уровне рынка и выше; премии каждые полгода для всех, кто успешно прошёл ревью; расширенная программа ДМС, оплата 80% стоимости ДМС для супругов и детей; гибкий график работы."
МТС,Middle Python разработчик [Группа системных сервисов],"Бэкенд разработчик, Средний (Middle) • Python • Linux",Полный рабочий день • Можно удаленно,,22 сентября,https://career.habr.com/vacancies/1000130145,"О компании и команде МТС Digital – сердце цифровой экосистемы МТС. 12 гильдий инженеров, суперкомпьютер, системы видеоаналитики, IoT, собственная лаборатория AI и 20+ петабайт данных. Финтех, стриминг, гейминг, мобильные приложения, облачные сервисы. Каждый день мы работаем над тем, чтобы вывести мобильную и веб-разработку на новый уровень, благодаря сплоченным продуктовым командам и agile методологиям. Мы ищем Middle Python разработчика в группу системных сервисов, которая занимается сервисами доступа в интернет с помощью Squid, Active Directory, Internal SSO, платформой управления ПО. Чем предстоит заниматься: Сопровождать и развивать open source решения; Автоматизировать процессы (используем PowerShell, Microsoft Orchestrator, частично C#, shell, perl, python); Работать с CI/CD (Gitlab); Внедрять NGFW; Документировать процедуры, инструкции, регламенты, наполнять базы знаний; Проводить аварийные дежурства и поддерживать пользователей на третьей линии. Ожидания от кандидата Мы ждем от кандидата : Опыт разработки на Python от 2х лет; Знание Linux на уровне администратора; Навыки работы с сетевыми протоколами, аутентификацией и авторизацией, шифрованием. Будет плюсом: Опыт разработки и написания скриптов на С++ / C#/ Perl/ Bash; Опыт работы с Samba/ Squid/ OpenSSL/ Active Directory; Опыт работы с NGFW решениями. Условия работы Удаленно в РФ или гибридно в Москве Бонусы Что мы предлагаем : собственную платформу MTS Ocean для получения ИТ-ресурсов, а это значит, что деплой, мониторинг, observability - не будут для вас проблемой, вы сможете сосредоточиться на фичах; профессиональные гильдии инженеров по направлениям, чтобы поддерживать друг друга и обмениваться опытом; внутреннюю площадку TechTalks для обмена опытом, дискуссий, развития навыков самопрезентации; участие во внешних IT конференциях. Мы выступаем на HighLoad++, DataFest, Mobius, Test Driven Conf, Joker, DevOps, Матемаркетинг и даже проводим собственную конференцию по архитектуре Hello, conference! полезные курсы и вебинары в корпоративном университете и электронные библиотеки. А еще: медицинскую страховку с 1 месяца со 100% покрытием расходов, включая стоматологию, страхование жизни и здоровья в поездках за рубеж. А еще можно застраховать родственников с корпоративной скидкой; доступ к сервису «Понимаю»: онлайн-консультации с психологом, юристом, экспертом по финансам или ЗОЖ; корпоративный и командный психолог в офисе и массажный кабинет; единую подписку МТС Premium — KION light в онлайн-кинотеатре KION, сервис МТС Music, 30 дней бесплатного пользования подпиской OZON Premium; скидки и предложения от партнеров на фитнес, занятия английским и прочее."
Совкомбанк Технологии,Python разработчик,Разработчик баз данных • PostgreSQL • SQL • Python • Django • Oracle,Казань • Полный рабочий день,,22 сентября,https://career.habr.com/vacancies/1000130142,"О компании и команде ПРОЕКТ: Мы работаем над созданием аналитического хранилища данных, строим процессы загрузки и обработки данных из различных источников. На основе данных аналитической платформы каждый день готовится регуляторная и корпоративная отчетность. Мы не стоим на месте, пробуем новые и развиваем имеющиеся инструменты подготовки и визуализации данных, работаем над качеством данных. СТЕК: Python Django, Bootstrap, Oracle Apex Oracle DB, MS SQL Oracle Data Integrator, SQL Server Integration Services, AirFlow YouTrack, Confluence Git, GitLab ОБЯЗАННОСТИ: Разрабатывать и развивать модули финансового хранилища; Разрабатывать инструменты и сервисы для получения управленческой и регуляторной отчетности; Искать новые подходы и технологии, которые помогут улучшить наши решения и процессы; Работать с большими объемами данных. Ожидания от кандидата ТРЕБОВАНИЯ: Опыт веб-разработки от 1 года; Обязателен опыт работы с Django 4.* и Python 3.9 (или выше); Хорошие знания SQL, опыт работы с одной из СУБД Oracle, MS SQL, PostgreSQL; Знание HTML/CSS/JS на базовом уровне; Базовые навыки работы с ОС Linux; Знание концепции контейнеризации приложений, наличие опыта настройки и запуска docker-контейнера. БУДЕТ ПЛЮСОМ: Опыт работы с Django Rest Framework; Умение составлять сложные SQL-запросы и оптимизировать их; Навык написания тестов с использованием unittest/pytest, mock; Опыт работы с Redis или другим in-memory СУБД; Опыт CI/CD Python приложений. Условия работы УСЛОВИЯ: Официальное оформление с первого дня выхода на работу; Атмосфера профессионального развития, вдохновленная принципами Agile; Профессиональная команда девелоперов, авторитетных тимлидов и опытных наставников; У нас самый уникальный портфель бенефитов по программе софинансирования (ДМС, фитнес, школа ин. языков на выбор, скидки на коробочные продукты банка и партнеров) Мы поможем развить вашу проф. экспертизу: оплатим профессиональные тренинги и внешние образовательные курсы, участвуем в ИТ активностях (митапы, хакатоны, юконы) Вовлеченность, комфорт, свобода, минимум бюрократии, нет дресс-кода, гибкое начало и завершение рабочего дня, приходи – с нами будет интересно!"
Neoflex,Специалист аналитики ,Системный аналитик • REST • SOAP • HTTP • JSON • Swagger • XML • Микросервисная архитектура • Разработка решений по интеграции,Полный рабочий день • Можно удаленно,,24 сентября,https://career.habr.com/vacancies/1000126368,"О компании и команде ПРОЕКТ: Создание нового страхового продукта ""Система страхования"" Удаленный режим работы на территории РФ СТЕК ТЕХНОЛОГИЙ: Микросервисы Реляционные БД Интеграции: REST, очереди, SOAP ЧЕМ ТЫ БУДЕШЬ ЗАНИМАТЬСЯ: Сбор, систематизация, верификация и документирование требований к информационным системам. Проектирование различных аспектов ИС: поддерживаемые бизнес-процессы, интеграционные взаимодействия, структура баз данных, экранные формы и т.д. Консультирование коллег по команде в части ожидаемого поведения системы. Работа с заказчиком (согласование требований, консультации). Участие в командной работе по методологии SCRUM. Оценка трудозатрат и приоритизация задач. Ожидания от кандидата ТЫ НАШ ИДЕАЛЬНЫЙ КАНДИДАТ, ЕСЛИ У ТЕБЯ ЕСТЬ: Понимание основ проектирования микросервисной архитектуры, баз данных и интеграционных взаимодействий различных типов. Опыт сбора требований (в т.ч. на проектах, где необходимо разрабатывать систему ""с нуля""), создания проектных и аналитических артефактов, верификации требований. Опыт моделирования, улучшения и автоматизации бизнес-процессов. Опыт прототипирования пользовательских интерфейсов. Опыт работы в качестве тимлида аналитики. Опыт работы в SCRUM-команде. Условия работы УСЛОВИЯ: Официальное трудоустройство по ТК РФ; График работы 5/2: Амбициозные задачи и проекты: Работа в команде профессионалов в доброжелательной атмосфере: Подключение к программе ДМС (включает стоматологию, обследование, лечение заболеваний), а также возможность страхования родственников по корпоративной цене. Корпоративное обучение и развитие (портал обучения и развития удаленным доступом 24/7; собственный Центр развития компетенций); Насыщенная корпоративная жизнь: яркие корпоративы, праздники для детей сотрудников, корпоративные спортивные мероприятия; мотивационные награждения;"
МТС,"Архитектор разработки ПО (Java, Scala, C++) [СОРМ]","Архитектор программного обеспечения, Ведущий (Lead) • Docker • Git • C++ • Scala • Высоконагруженные системы • Kubernetes",Полный рабочий день • Можно удаленно,,1 октября,https://career.habr.com/vacancies/1000121376,"О компании и команде Прикладная техника – часть цифровой экосистемы МТС . Задача компании – разработка программных и аппаратных решений в области безопасности. СОРМ - информационная система, которая является компонентом сети связи (мобильной, фиксированной) и предназначена для выполнения требований законодательства РФ (закон «О связи»), выполняющая функции съема, хранения и предоставления данных о абонентской активности. Стек: Java, Scala, C++, JavaScript, Git, Jenkins, RESTful и SOAP интерфейсы, микросервисная архитектура и множество интеграций с внешними системами. ​Чем предстоит заниматься: собирать требования к ПО/системе/решениям; проектировать архитектуру ПО/систем/решений; участвовать в выборе технологий и средств реализации ПО/систем/решений; участвовать в проведении исследовательских работ по выбору оптимальных решений в разрезе цена/время/качество; разрабатывать и корректировать алгоритмы обработки информации; участвовать в разработке, анализе, оптимизации ПО/систем/решений; предоставлять техническую экспертизу в рамках предпродажной деятельности; изучать передового опыт проектирования и разработки; участвовать в подготовке документации; заниматься архитектурным сопровождением проектов на стадии реализации и эксплуатации; презентовать разработанные решения. Ожидания от кандидата Что мы ждем от кандидата: высшее образование в области ИТ или Телеком; опыт работы архитектором информационных систем не менее 4 лет; опыт программирования на языках программирования (один или несколько: Java/Scala/C++/JavaScript/др.) не менее 2 лет; понимание архитектурных принципов построения информационных систем, а также построения интеграционных решений (SOA, микросервисы, ESB, ETL); понимание особенностей разработки виртуализируемых высоконагруженных (сотни тысяч событий в секунду), территориально распределенных и многопоточных систем реального времени; понимание методов проектирования и построения БД; опыт разработки RESTful и SOAP интерфейсов, знание JSON и XML; знание протоколов и стандартов сети Интернет (RFC, ISO, др.); знание техник моделирования ПО (UML, BPMN, IDEF); опыт разработки технической документации (ТЗ, функции автоматизации, компоненты, взаимодействия, развертывание, и др.); опыт работы по методологиям разработки Agile (Scrum); технический английский язык; умение работать с Git, Jenkins, Confluence, MS Office, Visio. Условия работы Что мы предлагаем : медицинская страховка с доступом в частные клиники и 100% покрытием расходов, включая стоматологию. Можно застраховать близких родственников на льготных условиях. Для любителей путешествий – страховка в поездках за границу. А еще есть страхование жизни; корпоративная мобильная связь и интернет для сотрудников, а для близких – на выгодных условиях; компенсация расходов на спорт; обучение в Корпоративном университете, у внешних провайдеров, если это полезно для работы, а также доступ к онлайн-библиотеке с полезными книгами и периодикой; единая подписка МТС Premium – KION Lite в онлайн-кинотеатре KION, сервис МТС Music, 30 дней бесплатного пользования подпиской OZON Premium; предложения от партнёров для путешествий, развлечений и занятий спортом; возможность участия в волонтерских программах: мы помогаем детям из детских домов, учим пенсионеров безопасному поведению в интернете, сдаем кровь, очищаем парки от мусора и многое другое; удобный формат работы: пятидневная рабочая неделя с пн по пт, а удобное время начала и окончания рабочего дня можно согласовать с руководителем; отпуск 28 календарных дней + 3 дополнительных дня за ненормированный рабочий день; два дня в неделю можно работать удаленно: дома, в коворкинге, кафе или там, где захотите. Дополнительные инструкции Если ты хочешь к нам присоединиться, то присылай своё резюме/профиль на почту или в telegram: ✉️ yskonyshev@mts.ru 📱 https://t.me/konysheva_e"
Hoff Tech,Системный администратор,"Системный администратор, Средний (Middle) • Osi model • DNS • Active directory • DHCP • Администрирование Windows • Системное администрирование • Администрирование серверов • Администрирование Linux • Администрирование сетей",Волгоград • Краснодар • Полный рабочий день,,24 сентября,https://career.habr.com/vacancies/1000121780,"Условия работы Hoff Tech - аккредитованная ИТ-компания, которая занимается разработкой продуктов для One Retail. Основной заказчик – сеть мебельных гипермаркетов Hoff, насчитывающая более 60 магазинов по всей территории России.. Сейчас мы в поисках коллег в большую распределенную команду системного администрирования. Наша команда отвечает за сеть и сетевое оборудование, сервера – как bare-metal, так и кластера VMware, поддержку операционных систем – Windows, Linux, MacOS, настройку основных элементов инфраструктуры – Active Directory, Exchange, SCCM, файловый и терминальные сервера, обслуживающих ее элементов – Zabbix, ELK, Prometeus/Grafana, Veeam backup, Kubernetes, Gitlab, а также автоматизацию с помощью Powershell, Ansible, Puppet. Почему стоит выбрать нас? Масштабная территориально распределенная инфраструктура; Работа с современными технологиями, железом и программным обеспечением; Возможность обучения в рамках рабочего времени; Большая команда экспертов, всегда готовых помочь; При успешной работе – перспективы профессионального развития – реализация масштабных проектов в рамках серверной инфраструктуры (развитие и экспертная оценка сети, сервера, IP-телефонии, системы бесшовного wifi); Проработанная система грейдов – системный администратор – старший администратор – ведущий – руководитель группы – руководитель отдела; Развитая корпоративная жизнь – ежегодные командные слеты и совместные путешествия. Чем предстоит заниматься: Обслуживание гипермаркета - профилактика, тех обслуживание, решение локальных задач; Поддержка других объектов в формате единого helpdesk - удаленная помощь пользователям, решение проблем, связанных с работой оборудования и программного обеспечения, проверка показателей системы мониторинга; Участие в проектах улучшения ИТ-инфраструктуры и работа в командах по развитию внутренних сервисов. Необходимые навыки: Опыт работы в области IT не менее 1 года; Основы сети – модель OSI (TCP/IP), VLAN, NAT, статическая маршрутизация, протоколы TCP/UDP, DHCP, основы работы DNS; Клиентская и серверная OС Microsoft на уровне администратора и инструменты диагностики; Active Directory – авторизация и аутентификация пользователя, взаимодействие клиента и контроллера домена, обработка групповых политик; Опыт работы с оргтехникой и знание механики лазерной печати. Будет плюсом: Опыт работы с торговым оборудованием и термопринтерами; Администрирования Unix систем; Написания скриптов на Powershell или Python. Мы предлагаем: Полностью «белую» заработную плату (оклад + квартальный бонус); График 5/2: 9:00-18:00 или 10:00-19:00, плавающие выходные; Очный формат работы; Оборудование для работы; Расширенный социальный пакет: ДМС, включающая стоматологию, полис для выезжающих за рубеж; льготные условия оформления страховки для членов семьи; Корпоративные скидки для сотрудников от компаний-партнеров (фитнес, иностранные языки, путешествия, скидки на товары сети Hoff и т.д.). Дополнительные инструкции Привет, будущий коллега! Мы рады, что ты обратил внимание на нашу вакансию :) Попасть в нашу команду очень просто: - оставь отклик на вакансию; - пообщайся с нашим IT рекрутером и расскажи о себе; - пройди техническое интервью; - познакомься с нашим техническим директором; - прими наш оффер ;) Присоединяйся к нашей дружной команде, с нами интересно!"
Совкомбанк Технологии,Аналитик информационной безопасности ( пентестер вэб-приложений),"Пентестер, Средний (Middle) • OWASP • Тестирование на проникновение • Black box testing",Санкт-Петербург • Казань • Новосибирск • Полный рабочий день • Можно удаленно,,1 октября,https://career.habr.com/vacancies/1000098388,"Условия работы Задачи: Анализ защищенности веб-приложений и информационных систем (blackbox/graybox/whitebox) Анализ исходного кода на уязвимости Анализ ИБ архитектуры веб-приложений и ИС Автоматизация процесса нахождения типовых уязвимостей веб-приложений Разработка рекомендаций по устранению уязвимостей и контроль их устранения Взаимодействие с ответственными от команд разработки по вопросам устранения уязвимостей Требования: Практический опыт проведения тестирования веб-приложений и информационных систем на уязвимости Понимание принципов атак на веб-приложения и информационные системы с использованием уязвимостей из OWASP TOP 10 Знание как минимум одного языка программирования (go, java, python, php). Навыки анализа исходного кода (PHP, Java, js, C#, Python). Знание стека TCP/IP и опыт работы со средствами анализа сетевого трафика (Burp Suite, OWASP ZAP,  Fiddler, Wireshark) Знание Web-технологий (CMS, Web-Servers, SQL, WAF) и основных framework'ов (flusk, laravel, spring, symfony, node.js и др) Умение разобраться в архитектуре веб-приложения и ИС Понимание принципов работы и технологий веб-приложений (websocket, REST, SOAP и т.д.; CORS, HSTS, SOP, CSP; OpenID, OAuth2 и др.); Знание принципов работы микросервисной архитектуры веб-приложений Будет плюсом: Опыт разработки веб-приложений (бэкграунд full-stack разработчика) Сертификация в области практической безопасности (OSWE/GWAPT и т.д.) Опыт участия в программах поиска уязвимостей(bug bounty) Опыт проведения комплексного анализа защищенности платежных инфраструктур и ДБО Опыт участия в CTF Опыт администрирования ОС Win/*nix, конфигурирования веб-серверов. Опыт проведения пентеста веб-приложений на облачных инфраструктурах (AWS, GCP, Azure и т.п.) Опыт участия в Red Team Мы предлагаем: Официальное оформление с первого дня выхода на работу; атмосферу профессионального развития, вдохновленную принципами Agile; профессиональную команду, авторитетных тимлидов и опытных наставников; у нас самый уникальный портфель бенефитов по программе софинансирования (ДМС с стоматологией, фитнес, школа ин. языков на выбор, скидки на коробочные продукты банка и партнеров); мы поможем развить вашу проф. экспертизу: оплатим профессиональные тренинги и внешние образовательные курсы, участвуем в ИТ активностях (митапы, хакатоны, юконы); вовлеченность, комфорт, свобода, минимум бюрократии, нет дресс-кода, гибкое начало и завершение рабочего дня, приходи – с нами будет интересно!"
Neoflex,Team Lead / Разработчик КХД,"Разработчик баз данных, Ведущий (Lead) • SQL • Базы данных • Oracle • Apache Spark • Scala • ETL • Python • Большие данные • PostgreSQL",Москва • Полный рабочий день,,24 сентября,https://career.habr.com/vacancies/1000118645,"Условия работы Чем ты будешь заниматься: Участие в проекте по развитию КХД; Постановка задач команде, оценка трудозатрат, контроль сроков; Участие во встречах с заказчиком; Разработка и миграция витрин; Составление и чтение маппингов; Создание ETL потоков (обязательно построение инкрементальной загрузки); Работа с системой контроля версий Git (ветвления, коммиты, пул-реквесты); Ведение рабочей документации (опыт и/или понимание на базовом уровне работы в confluence, jira, git); Оптимизация запросов; Анализ корректности и консистентности данных; Вывод в релиз. Ты наш идеальный кандидат, если у тебя: Высокий уровень знаний по SQL; Опыт разработки функций PL/pgSQL (Postgres, Greenplum, допустим Oracle); Опыт оптимизации запросов; Опыт работы с ETL инструментами (Informatica, IBM Data Stage, Talend, etc); Опыт работы с отчетностью (SAP BO, IBM Cognos BI или другими BI средствами); Опыт работы с системами контроля версий (Git, SVN, etc); Spark, scala, python (на уровне чтение кода); Hive, Java (базовое владение). Совсем круто, если ты имеешь: Опыт работы с Hadoop. У нас ты сможешь найти : Работу в комфортабельном офисе г. Москвы (Волгоградский проспект); Прозрачную систему карьерного развития в компании; Персонального наставника с первого дня работы; Возможность развития личной экспертизы и экспертизы компании; Собственную платформу внутренних и внешних образовательных программ; Возможность пройти сертификацию; Возможность участия в обучении, конференциях, митапах; Неповторимую корпоративную культуру компании."
Сбер,SRE инженер,"DevOps-инженер, Средний (Middle) • Linux • Nginx • CI/CD • Grafana • Prometheus • SRE • Jenkins",Москва • Полный рабочий день,от 235 000 ₽,24 сентября,https://career.habr.com/vacancies/1000127951,"О компании и команде Мы - команда разработчиков из Сбера, занимаемся созданием продуктов для сотрудников Экосистемы. Сейчас мы находимся в поиске инженера для одного из наших продуктов - SberMAG Немного о продукте: SberMAG (Mobile Aсcess Gateway) – единый вход для корпоративных мобильных приложений из Интернета в сеть Банка Ожидания от кандидата высшее техническое образование; знание основ Linux, безопасности и сетей (firewall, балансировка, проксирование, и т.д.); понимание принципов построения отказоустойчивых систем, работающих 24/7; понимание жизненного цикла DevOps – CI/CD; умение и желание доводить задачу до логического конца; умение работать в команде Что нужно будет делать: настройка непрерывной интеграции CI/CD; автоматизация рутинных процессов администрирования; взаимодействие с командой разработки, участие в проектировании архитектурных решений; развитие внутренней системы мониторинга; предотвращение DownTime, поиск и устранение SPOF; администрирование и поддержка PROD и DEV окружений Стек Docker Jenkins Nginx/HaProxy Мониторинг ELK/Prometheus/Grafana PostgreSQL (будет плюсом) SonarQube, CheckMarx (будет плюсом) Ansible, HELM (будет плюсом) OpenShift/Kubernetes (будет плюсом) знание языков программирования будет плюсом Условия работы cамые инновационные, амбициозные проекты и задачи; офис БЦ «Даниловский форт» (в 10 минутах от м.Нагатинская, м.Тульская); график с гибким началом рабочего дня; режим работы 5/2, возможен гибридный формат; достойный уровень оплаты труда (определяется по результатам собеседования); высокие премии по результатам работы; подписка СберПрайм+; страхование жизни и здоровья для сотрудников (ДМС) и скидки на медицинскую страховку для родственников (после испытательного срока); широкие возможности профессионального и карьерного роста; обучение и повышение квалификации в Корпоративном Университете Сбербанка, на внутренних и внешних курсах, доступ к корпоративной библиотеке; льготное кредитование в Сбербанке – возможность пользоваться премиальными продуктами Банка на специальных условиях (в т.ч. по ипотечным программам); корпоративная пенсионная программа, основанная на паритетном участии сотрудника и Банка, которая даёт возможность удвоить добровольные пенсионные накопления и получать двойной инвестиционный доход (после года работы); широкий спектр дисконт-программ, скидок и привилегий от компаний-партнёров; корпоративные и благотворительные мероприятия («Зелёный марафон», Сбербанкиада, КВН, волонтёрские программы и т.д.); современный комфортный офис: столовые предлагают вкусные завтраки, обеды, кофе-пойнты, прекрасно оборудованный тренажёрами спортивный комплекс"
Neoflex,Разработчик КХД (Отчетность),"Разработчик баз данных, Старший (Senior) • SQL • Большие данные • Apache Hadoop • Scala • Python • Apache Spark",Полный рабочий день • Можно удаленно,,24 сентября,https://career.habr.com/vacancies/1000118640,"Условия работы Чем ты будешь заниматься: Участие в проекте по развитию КХД; Создание ETL потоков (обязательно построение инкрементальной загрузки); Работа с системой контроля версий; Ведение рабочей документации; Участие во встречах с заказчиком; Оптимизация запросов; Анализ корректности и консистентности данных; Вывод в релиз. Ты наш идеальный кандидат, если у тебя: Не менее 3-х лет опыта работы с РСУБД (Oracle, PostgreSQL, MS SQL, etc); Опыт работы со Spark, Scala; Опыт работы с Hadoop; Понимание принципов построения хранилищ данных; Опыт оптимизации запросов. У нас ты сможешь найти : Прозрачную системы карьерного развития в компании; Персонального наставника с первого дня работы; Возможность развития личной экспертизы и экспертизы компании; Собственную платформу внутренних и внешних образовательных программ; Возможность пройти сертификацию; Возможность участия в обучении, конференциях, митапах; Неповторимую корпоративную культуру компании."
Neoflex,PostgreSQL Developer (Развитие продукта),"Разработчик баз данных, Старший (Senior) • PostgreSQL • Oracle • DWH • ETL",Полный рабочий день • Можно удаленно,,24 сентября,https://career.habr.com/vacancies/1000118639,"Условия работы Проект: Перевод Системы автоматизации отчетности Neoflex Reporting с Oracle на PostgreSQL. Стэк : SQL; PL/pgSQL; PL/SQL. Чем ты будешь заниматься : Переводить продукт Neoflex Reporting (с PL/SQL на PL/pgSQL; с Oracle APEX на собственное решение); Организовывать процесс выгрузки данных из систем источников и загрузки в хранилище под управлением PostgreSQL/Greenplum; Анализировать корректность и консистентность данных; Рассчитывать и репрезентовать информацию из ХД; Участвовать в развитии продукта Neoflex Reporting. Ты наш идеальный кандидат, если у тебя есть : Уверенное знание SQL и PL/pgSQL, особенностей PostgreSQL/Greenplum; Опыт оптимизации приложений на SQL, PL/pgSQL; Понимание принципов построения хранилищ данных. Совсем круто, если: Знаешь основы банковского бухгалтерского учета; Знаешь PL/SQL; Умеешь работать с ETL инструментами (Informatica, IBM Data Stage, Talend); Умеешь работать с отчетностью (SAP BO, IBM Cognos BI или другими BI средствами); Умеешь работать с Oracle APEX. У нас ты сможешь найти : Прозрачную системы карьерного развития в компании; Персонального наставника с первого дня работы; Возможность развития личной экспертизы и экспертизы компании; Собственную платформу внутренних и внешних образовательных программ; Возможность пройти сертификацию; Возможность участия в обучении, конференциях, митапах; Неповторимую корпоративную культуру компании."
ЛАНИТ,Системный инженер СХД Dell/EMC (L3),Инженер технической поддержки • Техническая поддержка • Linux • Unix,Москва • Полный рабочий день,,24 сентября,https://career.habr.com/vacancies/1000129455,"О компании и команде Компания «ОНЛАНТА» входит в Группу компаний «ЛАНИТ». С 2008 года предоставляем облачные услуги OnCloud.ru, услуги эксплуатации информационных систем и ИТ-аутсорсинга: Service desk, поддержка ИТ-инфраструктуры, постгарантийное обслуживание оборудования, информационная безопасность, DevOps. Согласно данным TAdviser, CNews Analytics и РБК, OnCloud.ru входит в рейтинг ведущих облачных провайдеров РФ. Мы расширяем команду технической поддержки и ищем Инженера по СХД Dell/EMC. Ожидания от кандидата Обязанности: Восстановление работоспособности, устранение неисправностей в работе СХД Dell/EMC (уровень L3); Координация работы инженерных групп 1-й и 2-й линий технической поддержки; Ведение сервисных заявок; Ведение и оформление базы знаний, подготовка инструкций по решению проблем. Требования: Опыт работы с СХД Dell/EMC, SAN-коммутаторами (Brocade, Cisco); Опыт работы с Ethernet-коммутаторами для SAN (RoCE, iSCSI); Опыт работы с гипервизорами; Знание операционных систем Windows, Linux/*nix; Навыки траблшутинга SAN и СХД (производительность, доступность, и т.д.); Английский языком на уровне технической документации. Будет плюсом: Опыт работы с СХД, СРК других вендоров; Наличие сертификации. Условия работы Стабильная заработная плата; Профессиональный и карьерный рост; План адаптации и наставник на испытательный срок; Добровольное медицинское страхование за счет работодателя (по прошествии испытательного срока в компании), включая амбулаторное/стационарное лечение, вызов врача на дом, стоматологию; Доплата больничного до полной заработной платы до 14 дней в году (начинает действовать после прохождения ИС); Обучение и сертификация сотрудников за счет компании; Корпоративная библиотека МИФ и корпоративные скидки от SkyEng; Кредитование (по корпоративным программам от банков-партнеров); Корпоративная программа поощрения занятий спортом, скидки в фитнес-клубах; Кухни, столовая, кофейный киоск в офисе; Спортивный зал и салон красоты в офисе; Врач в офисе; Штаб-квартира ГК ЛАНИТ: Москва, Мурманский проезд, д. 14, к. 1 (корпоративный транспорт от Марьиной Рощи, ст.м. Алексеевская)."
Bell Integrator,Разработчик .Net ,"Бэкенд разработчик, Старший (Senior) • Git • .NET • C# • PostgreSQL • Microsoft SQL",Москва • Санкт-Петербург • Волгоград • Полный рабочий день • Можно удаленно,,24 сентября,https://career.habr.com/vacancies/1000129715,"О компании и команде Bell Integrator – один из ведущих системных интеграторов страны . Мы аккредитованная ИТ-компания и являемся частью большой семьи ГК Softline. Bell Integrator активно реализует проекты по всей России, среди наших заказчиков – крупнейшие системообразующие финансовые, телеком и ритейл компании страны. Проект : Проект для одного из крупнейших банков России ставит перед собой сложную и амбициозную задачу развитию системы Liquidity & Inventory Managment System. Проект долгосрочный, имеет высокий приоритет с стороны бизнеса. Ожидания от кандидата Опыт программирования под .Net (c#) от 3х лет; Высшее образование. Отличные знания C#, MS SQL Опыт работы с PostgreSQL, Git Желание оперативно решать возникающие проблемы EF/EF Core или прочие ORM Условия работы Возможность профессионального и карьерного роста в компании; Опыт работы в распределенной команде профессионалов; Уровень заработной платы обсуждается индивидуально; Возможность удаленной работы на территории РФ."
Bell Integrator,Разработчик .Net ,"Бэкенд разработчик, Старший (Senior) • C# • PostgreSQL • Git • Microsoft SQL • .NET",Москва • Санкт-Петербург • Воронеж • Полный рабочий день • Можно удаленно,,24 сентября,https://career.habr.com/vacancies/1000129714,"О компании и команде Bell Integrator – один из ведущих системных интеграторов страны . Мы аккредитованная ИТ-компания и являемся частью большой семьи ГК Softline. Bell Integrator активно реализует проекты по всей России, среди наших заказчиков – крупнейшие системообразующие финансовые, телеком и ритейл компании страны. Проект : Проект для одного из крупнейших банков России ставит перед собой сложную и амбициозную задачу развитию системы Liquidity & Inventory Managment System. Проект долгосрочный, имеет высокий приоритет с стороны бизнеса. Ожидания от кандидата Опыт программирования под .Net (c#) от 3х лет; Высшее образование. Отличные знания C#, MS SQL Опыт работы с PostgreSQL, Git Желание оперативно решать возникающие проблемы EF/EF Core или прочие ORM Условия работы Возможность профессионального и карьерного роста в компании; Опыт работы в распределенной команде профессионалов; Уровень заработной платы обсуждается индивидуально; Возможность удаленной работы на территории РФ. Дополнительные инструкции Анализ требований заказчика; Разработка функционала новых бизнес задач Миграция текущей целевой АС с MS SQL на PostgreSQL Участие в проработке тех. архитектуры нового тех. стека Проведение code review коллег Взаимодействие с командой по вопросам реализации задач Участие в процессе Agile Встраивание существующего процесса DevOps на новом тех. Cтеке."
Яндекс,Разработчик интерфейсов в Яндекс Вертикали,"Фронтенд разработчик, Ведущий (Lead) • React • Redux • Node.js • TypeScript • JavaScript • PostgreSQL",Москва,,1 октября,https://career.habr.com/vacancies/1000126732,"О компании и команде Ищем тимлида, которому предстоит разрабатывать проекты для отдела маркетинга: взаимодействовать со множеством смежников, не бояться принимать решения, внедрять новые технологии и развивать растущую команду. Если вы разработчик уровня senior без опыта работы тимлидом, но готовы в ближайшем будущем им стать, смело откликайтесь. Стек: React + Redux, TypeScript, Node.js (Express.js/Nest.js), MongoDB/PostgreSQL, Redis, Kafka, Docker. Что нужно делать: выстраивать процесс командной работы; налаживать и вести коммуникацию с маркетологами, разработчиками, дизайнерами, аналитиками, менеджерами; планировать и контролировать регулярные задачи и квартальные проекты; заниматься ростом, мотивацией и наймом сотрудников; проектировать архитектуру приложений. Ожидания от кандидата Мы ждем, что вы: пишете на нашем стеке не меньше четырёх лет; знаете и работали с Node.js (Express.js/Nest.js); понимаете принципы микросервисной архитектуры и паттерны проектирования; понимаете, как работают и для чего нужны Docker, CI/CD. Будет плюсом, если вы: работали тимлидом; работали с базами данных PostgreSQL и MongoDB, очередями сообщения Kafka, KV-хранилищами Redis; работали в команде из 5+ человек. Условия работы Условия: возможность выбрать место работы в офисе в Москве (БЦ «Аврора», ст. м. «Павелецкая»), Санкт-Петербурге (БЦ «Бенуа», Калининский район), любом другом городе, где есть офис Яндекса, или гибридный формат работы; офисы с большими парковками, кофе-пойнтами и стульями Herman Miller на каждом рабочем месте; хорошее оборудование: на выбор мощный ноутбук Dell на Windows или Linux либо MacBook Pro, выделенная виртуалка с необходимыми ресурсами; объёмный полис ДМС со стоматологией, коррекцией зрения, регулярной диагностикой и помощью при онкологических или сердечных заболеваниях, оплата 80% ДМС для близких родственников; сотни корпоративных скидок во всех областях жизни; компенсация питания в офисе; корпоративная ипотека под 0–3%."
